merchant_id,merchant_name,category,country,valid_from
1229,Comercio 1229 SAS,MOTORCYCLES,CO,2025-09-27
1138,Comercio 1138 Shop,TRAVEL,BR,2024-01-02
1296,Comercio 1296 Store,ELECTRONICS,BR,2023-07-03
1206,Comercio 1206 SA,MOTORCYCLES,CO,2023-04-27
1064,Comercio 1064 Store,TRAVEL,CO,2024-08-29
1636,Comercio 1636 LTDA,HEALTH,CO,2024-05-13
1592,Comercio 1592 SA,ELECTRONICS,BR,2023-10-28
1219,Comercio 1219 SAS,FASHION,CO,2024-02-11
1228,Comercio 1228 SA,HOME,CO,2023-09-24
1358,Comercio 1358 LTDA,FASHION,BR,2023-05-07
1061,Comercio 1061 LTDA,EDUCATION,BR,2024-07-13
1201,Comercio 1201 Store,MOTORCYCLES,CO,2023-08-07
1120,Comercio 1120 SA,FASHION,CO,2024-05-20
1594,Comercio 1594 LTDA,HOME,CO,2023-10-18
1015,Comercio 1015 LTDA,HOME,BR,2024-09-29
1305,Comercio 1305 Store,ELECTRONICS,CO,2023-12-18
1470,Comercio 1470 SA,HOME,CO,2023-08-16
1508,Comercio 1508 Store,,CO,2025-04-27
1490,Comercio 1490 SA,HEALTH,CO,2024-04-30
1415,Comercio 1415 Shop,EDUCATION,BR,2023-10-20
1340,Comercio 1340 Shop,TRAVEL,CO,2024-05-24
1060,Comercio 1060 Store,TRAVEL,BR,2023-06-22
1356,Comercio 1356 Store,HEALTH,CO,2024-10-01
1526,Comercio 1526 LTDA,MOTORCYCLES,BR,2023-11-09
1576,COMERCIO 1576 LTDA,TRAVEL,BR,2025-03-10
1082,Comercio 1082 SA,MOTORCYCLES,CO,2024-02-07
1309,Comercio 1309 Shop,HEALTH,CO,2023-11-08
1166,Comercio 1166 SA,EDUCATION,CO,2025-12-23
1551,Comercio 1551 Shop,EDUCATION,BR,2023-10-06
1581,Comercio 1581 Store,TRAVEL,CO,2024-04-13
1263,Comercio 1263 LTDA,EDUCATION,BR,2023-05-07
1130,Comercio 1130 SAS,ELECTRONICS,CO,2023-09-07
1679,Comercio 1679 SAS,EDUCATION,CO,2023-07-05
1467,Comercio 1467 Store,MOTORCYCLES,CO,2023-04-27
1378,Comercio 1378 Store,EDUCATION,CO,2023-11-10
1586,Comercio 1586 SAS,HOME,CO,2023-08-19
1033,Comercio 1033 Shop,EDUCATION,CO,2024-08-15
1298,Comercio 1298 SAS,FASHION,CO,2024-11-22
1515,Comercio 1515 Store,EDUCATION,CO,2025-11-16
1280,COMERCIO 1280 SAS,HEALTH,CO,2025-07-26
1377,Comercio 1377 LTDA,EDUCATION,CO,2023-03-14
1548,Comercio 1548 Shop,MOTORCYCLES,CO,2023-11-16
1436,Comercio 1436 Shop,HOME,BR,2024-02-10
1493,Comercio 1493 LTDA,HOME,CO,2025-07-17
1442,Comercio 1442 Shop,MOTORCYCLES,CO,2024-05-09
1545,Comercio 1545 LTDA,HOME,BR,2025-01-01
1118,Comercio 1118 Store,HOME,CO,2025-03-10
1666,Comercio 1666 SA,TRAVEL,BR,2026-02-08
1158,Comercio 1158 Store,MOTORCYCLES,BR,2023-12-21
1658,Comercio 1658 Shop,HOME,CO,2024-03-02
1142,Comercio 1142 SA,EDUCATION,BR,2024-10-27
1399,Comercio 1399 SA,TRAVEL,BR,2024-09-03
1394,Comercio 1394 LTDA,TRAVEL,BR,2024-04-28
1633,Comercio 1633 SAS,TRAVEL,CO,2024-07-26
1162,Comercio 1162 Store,ELECTRONICS,BR,2023-07-12
1331,Comercio 1331 Shop,EDUCATION,BR,2023-10-25
1126,Comercio 1126 SA,HOME,BR,2024-02-01
1465,Comercio 1465 Shop,HEALTH,BR,2023-09-30
1205,Comercio 1205 SAS,EDUCATION,CO,2023-11-16
1218,Comercio 1218 SA,ELECTRONICS,CO,2023-10-04
1191,Comercio 1191 LTDA,ELECTRONICS,BR,2024-11-29
1639,Comercio 1639 Store,TRAVEL,CO,2023-07-17
1058,Comercio 1058 Store,ELECTRONICS,CO,2024-07-12
1019,Comercio 1019 SA,ELECTRONICS,CO,2024-04-19
1616,Comercio 1616 Shop,EDUCATION,BR,2023-02-19
1484,Comercio 1484 LTDA,MOTORCYCLES,CO,2023-11-14
1267,Comercio 1267 SA,ELECTRONICS,CO,2025-05-27
1059,Comercio 1059 Store,HOME,CO,2023-06-16
1390,Comercio 1390 LTDA,HEALTH,CO,2023-12-31
1198,Comercio 1198 Store,HEALTH,CO,2025-09-24
1483,Comercio 1483 SAS,HEALTH,BR,2024-06-12
1608,Comercio 1608 LTDA,HEALTH,CO,2023-11-17
1185,Comercio 1185 LTDA,FASHION,CO,2025-08-02
1148,Comercio 1148 LTDA,TRAVEL,CO,2024-05-03
1362,Comercio 1362 Store,TRAVEL,BR,2025-07-01
1167,Comercio 1167 Shop,MOTORCYCLES,BR,2024-09-30
1555,Comercio 1555 SAS,,CO,2024-01-30
1225,Comercio 1225 SAS,MOTORCYCLES,CO,2024-07-08
1134,Comercio 1134 Store,,CO,2023-06-18
1554,Comercio 1554 LTDA,TRAVEL,CO,2024-03-15
1117,Comercio 1117 SA,TRAVEL,CO,2024-03-15
1186,Comercio 1186 SAS,HEALTH,CO,2024-02-03
1573,Comercio 1573 Store,HEALTH,CO,2023-07-05
1515,Comercio 1515 Store,FASHION,CO,2023-12-16
1430,Comercio 1430 SA,HOME,CO,2024-12-17
1630,Comercio 1630 Shop,HEALTH,BR,2023-02-12
1163,Comercio 1163 SA,HEALTH,CO,2024-03-31
1598,COMERCIO 1598 SHOP,ELECTRONICS,BR,2026-02-05
1007,Comercio 1007 SA,MOTORCYCLES,CO,2024-02-10
1151,Comercio 1151 LTDA,ELECTRONICS,BR,2023-07-14
1149,Comercio 1149 LTDA,EDUCATION,CO,2024-10-02
1460,Comercio 1460 Store,MOTORCYCLES,BR,2023-09-20
1084,Comercio 1084 Store,ELECTRONICS,CO,2024-11-06
1505,Comercio 1505 LTDA,MOTORCYCLES,CO,2024-04-03
1380,Comercio 1380 LTDA,MOTORCYCLES,CO,2024-10-12
1401,Comercio 1401 LTDA,FASHION,CO,2023-07-21
1248,Comercio 1248 LTDA,FASHION,BR,2023-07-27
1106,Comercio 1106 SAS,TRAVEL,CO,2024-01-19
1267,Comercio 1267 SA,FASHION,CO,2023-09-22
1388,Comercio 1388 LTDA,HEALTH,BR,2023-03-08
1622,Comercio 1622 Shop,FASHION,CO,2024-01-17
1379,Comercio 1379 Store,HOME,BR,2023-11-04
1606,Comercio 1606 LTDA,TRAVEL,CO,2025-12-22
1368,Comercio 1368 Shop,EDUCATION,CO,2024-06-17
1262,Comercio 1262 SA,EDUCATION,BR,2024-05-16
1323,Comercio 1323 Shop,EDUCATION,CO,2024-08-20
1170,Comercio 1170 LTDA,MOTORCYCLES,BR,2023-12-23
1462,Comercio 1462 Shop,TRAVEL,CO,2023-10-10
1113,Comercio 1113 SAS,ELECTRONICS,BR,2023-10-09
1314,Comercio 1314 SA,MOTORCYCLES,BR,2024-08-17
1626,Comercio 1626 Store,EDUCATION,BR,2024-03-31
1090,Comercio 1090 SAS,TRAVEL,CO,2023-09-01
1634,Comercio 1634 Shop,MOTORCYCLES,CO,2024-01-10
1664,Comercio 1664 SA,HEALTH,CO,2025-08-15
1118,Comercio 1118 Store,MOTORCYCLES,CO,2023-11-21
1157,Comercio 1157 SAS,HOME,CO,2024-10-30
1581,COMERCIO 1581 STORE,EDUCATION,CO,2026-02-22
1439,Comercio 1439 LTDA,EDUCATION,CO,2024-05-19
1273,Comercio 1273 Shop,ELECTRONICS,CO,2024-02-06
1187,Comercio 1187 Store,EDUCATION,CO,2023-04-02
1224,Comercio 1224 Shop,MOTORCYCLES,CO,2023-04-03
1360,Comercio 1360 Store,HOME,CO,2024-08-13
1257,Comercio 1257 SA,HEALTH,CO,2024-02-13
1471,Comercio 1471 LTDA,MOTORCYCLES,CO,2025-04-04
1450,Comercio 1450 Store,FASHION,CO,2023-04-30
1525,COMERCIO 1525 LTDA,HOME,CO,2025-11-17
1290,Comercio 1290 Shop,FASHION,CO,2024-03-19
1535,COMERCIO 1535 SAS,HEALTH,CO,2025-07-23
1173,Comercio 1173 SA,HEALTH,CO,2024-04-08
1056,Comercio 1056 SA,ELECTRONICS,CO,2024-01-22
1018,Comercio 1018 Shop,ELECTRONICS,BR,2023-12-09
1383,Comercio 1383 Store,FASHION,CO,2024-04-24
1663,Comercio 1663 SAS,ELECTRONICS,CO,2024-03-22
1326,Comercio 1326 Store,HEALTH,CO,2025-05-03
1517,Comercio 1517 SA,MOTORCYCLES,BR,2024-05-08
1325,Comercio 1325 SA,MOTORCYCLES,CO,2024-03-17
1021,Comercio 1021 SA,FASHION,CO,2024-10-11
1638,Comercio 1638 SA,HEALTH,CO,2024-06-21
1253,Comercio 1253 Shop,HOME,CO,2024-07-12
1269,Comercio 1269 Shop,TRAVEL,CO,2023-10-01
1337,Comercio 1337 SA,ELECTRONICS,BR,2024-04-20
1676,Comercio 1676 LTDA,FASHION,BR,2024-03-11
1183,Comercio 1183 Store,FASHION,CO,2023-05-02
1600,Comercio 1600 SAS,HOME,CO,2024-12-21
1089,Comercio 1089 SAS,HOME,BR,2024-02-12
1440,Comercio 1440 SAS,HEALTH,CO,2023-07-12
1140,COMERCIO 1140 SHOP,MOTORCYCLES,CO,2025-03-13
1500,Comercio 1500 LTDA,MOTORCYCLES,CO,2023-06-26
1477,Comercio 1477 LTDA,FASHION,CO,2024-04-05
1310,Comercio 1310 Shop,HEALTH,BR,2025-03-20
1076,Comercio 1076 Store,FASHION,BR,2024-03-30
1070,Comercio 1070 SAS,ELECTRONICS,CO,2024-01-28
1272,Comercio 1272 Store,ELECTRONICS,CO,2023-02-19
1683,Comercio 1683 Shop,TRAVEL,BR,2024-06-02
1436,Comercio 1436 Shop,ELECTRONICS,BR,2025-10-30
1028,Comercio 1028 Store,TRAVEL,CO,2024-06-23
1010,Comercio 1010 Store,HOME,CO,2024-10-12
1627,COMERCIO 1627 STORE,HOME,CO,2025-03-18
1567,Comercio 1567 SAS,ELECTRONICS,BR,2023-05-30
1432,Comercio 1432 SAS,MOTORCYCLES,CO,2024-05-22
1437,Comercio 1437 Shop,HEALTH,CO,2023-08-16
1697,Comercio 1697 Shop,MOTORCYCLES,CO,2023-11-01
1067,Comercio 1067 Shop,HOME,CO,2024-07-20
1509,Comercio 1509 Shop,FASHION,CO,2023-08-31
1002,Comercio 1002 Shop,FASHION,CO,2023-09-20
1281,Comercio 1281 SAS,MOTORCYCLES,BR,2023-06-21
1307,Comercio 1307 SAS,TRAVEL,CO,2024-11-26
1172,Comercio 1172 Store,HEALTH,BR,2025-04-10
1644,Comercio 1644 SAS,HEALTH,BR,2024-08-23
1624,Comercio 1624 SAS,ELECTRONICS,CO,2023-07-15
1301,Comercio 1301 SA,EDUCATION,CO,2024-04-27
1096,Comercio 1096 LTDA,EDUCATION,CO,2023-11-23
1322,Comercio 1322 SA,MOTORCYCLES,BR,2023-03-17
1425,Comercio 1425 Store,MOTORCYCLES,CO,2024-07-02
1146,Comercio 1146 SA,ELECTRONICS,CO,2024-01-14
1141,COMERCIO 1141 LTDA,MOTORCYCLES,BR,2026-02-08
1397,Comercio 1397 Shop,HEALTH,CO,2024-11-10
1556,Comercio 1556 LTDA,MOTORCYCLES,BR,2026-03-04
1650,Comercio 1650 Store,ELECTRONICS,BR,2024-06-26
1539,Comercio 1539 SAS,FASHION,CO,2024-04-09
1640,Comercio 1640 SAS,FASHION,BR,2025-04-27
1098,Comercio 1098 LTDA,EDUCATION,CO,2024-10-01
1646,Comercio 1646 Store,HOME,CO,2023-08-08
1606,Comercio 1606 LTDA,HOME,CO,2024-01-05
1238,Comercio 1238 SA,EDUCATION,CO,2024-05-14
1013,Comercio 1013 LTDA,HOME,CO,2024-11-12
1634,Comercio 1634 Shop,HEALTH,CO,2025-05-09
1565,Comercio 1565 LTDA,HEALTH,CO,2026-01-15
1650,COMERCIO 1650 STORE,TRAVEL,BR,2025-10-05
1200,Comercio 1200 Shop,HEALTH,BR,2024-08-09
1685,Comercio 1685 LTDA,TRAVEL,CO,2024-01-19
1277,Comercio 1277 SAS,HEALTH,CO,2024-01-17
1339,Comercio 1339 Shop,HOME,CO,2024-10-28
1106,Comercio 1106 SAS,FASHION,CO,2025-12-20
1182,Comercio 1182 SAS,FASHION,CO,2023-03-12
1163,Comercio 1163 SA,TRAVEL,CO,2026-01-23
1104,Comercio 1104 Store,HOME,CO,2024-11-18
1312,Comercio 1312 SAS,,CO,2023-07-08
1133,Comercio 1133 Shop,TRAVEL,CO,2024-12-27
1459,COMERCIO 1459 SAS,EDUCATION,BR,2026-03-02
1566,Comercio 1566 LTDA,HEALTH,CO,2024-08-27
1520,Comercio 1520 Shop,FASHION,CO,2023-11-13
1247,Comercio 1247 SAS,MOTORCYCLES,CO,2023-07-01
1445,Comercio 1445 LTDA,EDUCATION,CO,2024-12-25
1414,Comercio 1414 Shop,TRAVEL,CO,2024-05-16
1502,Comercio 1502 Store,MOTORCYCLES,CO,2024-06-07
1615,Comercio 1615 Store,TRAVEL,CO,2024-06-16
1255,Comercio 1255 LTDA,TRAVEL,CO,2023-06-16
1302,Comercio 1302 SA,ELECTRONICS,BR,2024-07-17
1063,Comercio 1063 LTDA,TRAVEL,BR,2023-12-03
1453,Comercio 1453 LTDA,EDUCATION,CO,2025-06-14
1520,COMERCIO 1520 SHOP,HOME,CO,2025-11-09
1499,Comercio 1499 SA,ELECTRONICS,CO,2024-08-28
1612,Comercio 1612 SAS,ELECTRONICS,CO,2023-10-21
1559,Comercio 1559 Store,ELECTRONICS,BR,2024-11-21
1012,Comercio 1012 Shop,EDUCATION,CO,2023-08-02
1504,Comercio 1504 Shop,ELECTRONICS,CO,2023-12-19
1214,Comercio 1214 LTDA,HEALTH,BR,2023-04-03
1699,Comercio 1699 Shop,EDUCATION,CO,2023-02-14
1511,Comercio 1511 Shop,TRAVEL,BR,2023-07-24
1375,Comercio 1375 LTDA,HOME,CO,2023-10-16
1259,Comercio 1259 SAS,HOME,CO,2023-08-18
1089,COMERCIO 1089 SAS,HEALTH,BR,2025-05-07
1669,Comercio 1669 Shop,EDUCATION,CO,2024-11-06
1369,Comercio 1369 Store,ELECTRONICS,CO,2024-04-08
1147,COMERCIO 1147 SA,MOTORCYCLES,BR,2026-01-27
1506,Comercio 1506 SAS,HEALTH,CO,2023-08-16
1656,Comercio 1656 Store,HEALTH,CO,2023-02-25
1660,Comercio 1660 SAS,EDUCATION,CO,2023-07-06
1131,Comercio 1131 SA,EDUCATION,CO,2024-09-01
1422,Comercio 1422 Store,HOME,CO,2024-06-04
1073,Comercio 1073 SAS,FASHION,CO,2024-05-10
1367,Comercio 1367 Store,TRAVEL,CO,2023-11-26
1077,Comercio 1077 SA,ELECTRONICS,CO,2024-07-09
1252,Comercio 1252 SAS,MOTORCYCLES,BR,2024-12-18
1589,Comercio 1589 LTDA,HOME,BR,2024-02-01
1254,Comercio 1254 SAS,EDUCATION,BR,2023-02-03
1542,Comercio 1542 SAS,MOTORCYCLES,CO,2025-04-28
1524,Comercio 1524 LTDA,EDUCATION,BR,2025-06-12
1037,Comercio 1037 Shop,FASHION,BR,2023-10-31
1512,Comercio 1512 LTDA,HOME,CO,2024-08-20
1678,Comercio 1678 Shop,EDUCATION,BR,2025-07-05
1320,Comercio 1320 LTDA,HOME,CO,2024-09-19
1341,Comercio 1341 Shop,FASHION,CO,2023-08-06
1129,Comercio 1129 Store,ELECTRONICS,BR,2025-05-14
1613,Comercio 1613 SA,HOME,BR,2024-06-13
1672,Comercio 1672 LTDA,HOME,BR,2023-07-04
1221,Comercio 1221 Shop,EDUCATION,CO,2024-08-29
1535,Comercio 1535 SAS,FASHION,CO,2024-03-26
1334,Comercio 1334 SA,FASHION,CO,2024-03-30
1318,Comercio 1318 SA,MOTORCYCLES,BR,2024-01-26
1485,Comercio 1485 SAS,TRAVEL,CO,2023-09-22
1092,Comercio 1092 SA,HOME,CO,2023-08-26
1494,Comercio 1494 LTDA,FASHION,CO,2023-02-06
1374,Comercio 1374 Store,EDUCATION,CO,2024-12-03
1604,Comercio 1604 LTDA,HOME,CO,2024-01-15
1373,Comercio 1373 Shop,HOME,CO,2023-06-16
1643,Comercio 1643 SAS,HOME,CO,2023-11-08
1453,Comercio 1453 LTDA,ELECTRONICS,CO,2023-08-01
1405,Comercio 1405 SAS,HOME,CO,2024-01-07
1049,Comercio 1049 Store,MOTORCYCLES,CO,2023-09-25
1546,Comercio 1546 Store,HOME,BR,2024-10-24
1361,COMERCIO 1361 SA,ELECTRONICS,CO,2025-12-17
1279,COMERCIO 1279 SHOP,TRAVEL,CO,2025-07-11
1035,Comercio 1035 Shop,EDUCATION,CO,2023-09-16
1582,Comercio 1582 LTDA,FASHION,CO,2024-04-06
1471,Comercio 1471 LTDA,TRAVEL,CO,2023-11-19
1231,Comercio 1231 Store,TRAVEL,BR,2024-11-18
1497,Comercio 1497 LTDA,HOME,CO,2023-03-09
1145,Comercio 1145 Shop,HOME,BR,2024-01-12
1143,Comercio 1143 Shop,EDUCATION,CO,2023-09-02
1482,Comercio 1482 Shop,MOTORCYCLES,CO,2024-11-19
1052,Comercio 1052 SA,HOME,CO,2023-07-25
1278,COMERCIO 1278 SAS,HEALTH,BR,2025-09-29
1016,Comercio 1016 LTDA,TRAVEL,CO,2023-02-27
1234,Comercio 1234 Shop,TRAVEL,CO,2023-11-08
1655,Comercio 1655 SA,FASHION,CO,2024-05-15
1609,Comercio 1609 Shop,ELECTRONICS,BR,2024-10-18
1478,COMERCIO 1478 SA,FASHION,CO,2025-06-10
1648,Comercio 1648 SA,HOME,CO,2024-08-21
1417,Comercio 1417 Shop,EDUCATION,BR,2024-04-14
1314,Comercio 1314 SA,HEALTH,BR,2025-03-18
1625,COMERCIO 1625 SAS,MOTORCYCLES,BR,2025-03-15
1521,Comercio 1521 SAS,ELECTRONICS,CO,2024-02-12
1514,Comercio 1514 LTDA,TRAVEL,CO,2024-04-05
1027,Comercio 1027 SA,EDUCATION,CO,2023-11-05
1665,Comercio 1665 Shop,EDUCATION,CO,2023-09-18
1289,Comercio 1289 Shop,HEALTH,BR,2025-08-12
1467,COMERCIO 1467 STORE,ELECTRONICS,CO,2025-08-24
1260,Comercio 1260 SAS,ELECTRONICS,CO,2024-06-16
1562,Comercio 1562 SA,MOTORCYCLES,BR,2024-06-29
1166,Comercio 1166 SA,HOME,CO,2024-11-23
1029,Comercio 1029 SAS,HEALTH,BR,2023-08-22
1420,Comercio 1420 LTDA,FASHION,CO,2024-04-08
1303,Comercio 1303 Store,MOTORCYCLES,BR,2024-09-03
1129,Comercio 1129 Store,FASHION,BR,2024-05-15
1431,Comercio 1431 SAS,MOTORCYCLES,CO,2025-07-17
1647,COMERCIO 1647 LTDA,EDUCATION,BR,2025-05-19
1429,Comercio 1429 SAS,FASHION,CO,2023-06-12
1403,Comercio 1403 Store,FASHION,CO,2023-07-27
1424,COMERCIO 1424 LTDA,,CO,2025-09-25
1004,Comercio 1004 SAS,FASHION,CO,2023-02-20
1427,Comercio 1427 SAS,HEALTH,CO,2023-02-03
1107,Comercio 1107 Store,FASHION,BR,2024-02-01
1599,Comercio 1599 SA,EDUCATION,BR,2023-09-08
1611,Comercio 1611 SAS,MOTORCYCLES,CO,2024-06-15
1344,Comercio 1344 Store,FASHION,CO,2023-02-05
1492,Comercio 1492 Store,TRAVEL,CO,2024-04-24
1653,Comercio 1653 SAS,HEALTH,CO,2025-10-20
1308,Comercio 1308 SA,TRAVEL,BR,2026-01-04
1093,Comercio 1093 LTDA,HEALTH,BR,2024-02-04
1043,Comercio 1043 SA,HOME,CO,2024-02-27
1232,Comercio 1232 SA,ELECTRONICS,CO,2024-04-13
1321,Comercio 1321 Store,ELECTRONICS,CO,2024-01-11
1168,Comercio 1168 SAS,HOME,BR,2024-08-20
1663,COMERCIO 1663 SAS,FASHION,CO,2025-09-23
1229,Comercio 1229 SAS,EDUCATION,CO,2023-08-18
1518,Comercio 1518 SAS,HOME,CO,2024-08-26
1181,Comercio 1181 Store,HOME,CO,2025-09-25
1413,Comercio 1413 SAS,FASHION,CO,2023-11-19
1099,Comercio 1099 LTDA,MOTORCYCLES,BR,2023-05-01
1602,Comercio 1602 Store,TRAVEL,CO,2023-07-20
1422,COMERCIO 1422 STORE,TRAVEL,CO,2025-12-18
1179,Comercio 1179 Store,MOTORCYCLES,CO,2023-10-28
1352,Comercio 1352 LTDA,EDUCATION,BR,2024-11-22
1140,Comercio 1140 Shop,HOME,CO,2024-03-01
1536,Comercio 1536 SA,MOTORCYCLES,CO,2024-05-01
1532,Comercio 1532 SA,,BR,2025-04-18
1580,Comercio 1580 Shop,TRAVEL,CO,2023-10-19
1348,Comercio 1348 SA,,CO,2023-11-06
1531,Comercio 1531 LTDA,EDUCATION,CO,2024-07-25
1332,Comercio 1332 SA,MOTORCYCLES,CO,2025-05-30
1102,Comercio 1102 Store,HEALTH,BR,2024-04-17
1274,Comercio 1274 SAS,MOTORCYCLES,CO,2023-09-07
1147,Comercio 1147 SA,TRAVEL,BR,2023-11-03
1131,COMERCIO 1131 SA,HEALTH,CO,2026-02-04
1577,Comercio 1577 Store,TRAVEL,CO,2023-12-07
1353,Comercio 1353 SA,MOTORCYCLES,BR,2024-04-21
1097,Comercio 1097 Shop,MOTORCYCLES,CO,2024-05-26
1671,Comercio 1671 SA,,CO,2024-12-20
1692,Comercio 1692 Shop,FASHION,CO,2023-08-11
1469,Comercio 1469 SA,FASHION,CO,2024-07-27
1362,Comercio 1362 Store,HOME,BR,2024-04-25
1402,Comercio 1402 SA,ELECTRONICS,CO,2023-05-25
1193,COMERCIO 1193 SAS,ELECTRONICS,CO,2025-03-26
1111,Comercio 1111 Shop,FASHION,BR,2024-12-01
1128,Comercio 1128 SA,ELECTRONICS,BR,2026-02-28
1115,Comercio 1115 Shop,MOTORCYCLES,CO,2024-02-25
1677,Comercio 1677 Shop,EDUCATION,CO,2023-11-06
1054,Comercio 1054 Shop,FASHION,BR,2023-12-06
1645,Comercio 1645 Store,HOME,BR,2024-09-29
1135,Comercio 1135 SA,ELECTRONICS,BR,2024-04-15
1243,Comercio 1243 SA,TRAVEL,CO,2024-05-09
1363,COMERCIO 1363 SAS,HOME,CO,2025-04-20
1323,Comercio 1323 Shop,FASHION,CO,2026-02-28
1240,Comercio 1240 Store,EDUCATION,CO,2023-03-21
1108,Comercio 1108 SA,HEALTH,BR,2023-05-11
1256,Comercio 1256 SA,ELECTRONICS,CO,2024-02-21
1635,Comercio 1635 SAS,HOME,BR,2023-06-17
1512,Comercio 1512 LTDA,FASHION,CO,2025-12-06
1682,Comercio 1682 Shop,FASHION,BR,2023-08-06
1385,Comercio 1385 SAS,HOME,CO,2023-03-28
1033,COMERCIO 1033 SHOP,MOTORCYCLES,CO,2025-03-06
1199,Comercio 1199 Shop,EDUCATION,CO,2023-06-06
1047,Comercio 1047 SAS,MOTORCYCLES,CO,2024-10-10
1159,Comercio 1159 SAS,EDUCATION,CO,2024-03-06
1112,Comercio 1112 SA,ELECTRONICS,CO,2023-04-26
1350,Comercio 1350 SAS,FASHION,CO,2023-06-14
1468,COMERCIO 1468 SA,MOTORCYCLES,CO,2025-08-13
1226,Comercio 1226 SA,HEALTH,CO,2024-06-25
1031,Comercio 1031 LTDA,MOTORCYCLES,CO,2026-02-21
1359,Comercio 1359 Store,ELECTRONICS,CO,2024-03-09
1434,Comercio 1434 SAS,HOME,CO,2024-06-22
1575,Comercio 1575 SA,FASHION,CO,2023-10-10
1058,Comercio 1058 Store,TRAVEL,CO,2025-04-17
1391,Comercio 1391 Shop,TRAVEL,CO,2023-05-21
1324,Comercio 1324 Store,TRAVEL,BR,2023-12-06
1335,Comercio 1335 LTDA,HEALTH,BR,2024-11-16
1046,Comercio 1046 SAS,FASHION,CO,2024-12-20
1308,Comercio 1308 SA,ELECTRONICS,BR,2024-05-08
1498,Comercio 1498 LTDA,HEALTH,BR,2023-12-17
1426,Comercio 1426 LTDA,FASHION,CO,2023-11-28
1668,Comercio 1668 Shop,HOME,CO,2023-06-03
1193,Comercio 1193 SAS,EDUCATION,CO,2023-12-01
1197,Comercio 1197 SA,EDUCATION,CO,2026-02-16
1419,COMERCIO 1419 STORE,MOTORCYCLES,CO,2025-09-13
1026,Comercio 1026 Store,EDUCATION,BR,2023-04-03
1574,COMERCIO 1574 STORE,MOTORCYCLES,CO,2025-11-11
1212,COMERCIO 1212 LTDA,MOTORCYCLES,CO,2026-01-20
1454,Comercio 1454 Store,MOTORCYCLES,CO,2023-02-15
1196,Comercio 1196 SAS,EDUCATION,CO,2024-03-19
1086,Comercio 1086 SAS,FASHION,CO,2024-10-13
1222,Comercio 1222 SAS,FASHION,BR,2024-07-20
1091,Comercio 1091 Shop,MOTORCYCLES,CO,2023-11-21
1371,Comercio 1371 SA,FASHION,BR,2024-05-04
1130,Comercio 1130 SAS,FASHION,CO,2026-03-02
1190,Comercio 1190 SA,TRAVEL,CO,2024-08-02
1347,Comercio 1347 LTDA,HEALTH,CO,2023-04-25
1092,COMERCIO 1092 SA,HEALTH,CO,2025-08-18
1487,Comercio 1487 SA,ELECTRONICS,CO,2024-10-31
1603,Comercio 1603 SA,EDUCATION,CO,2024-02-22
1421,Comercio 1421 SA,FASHION,CO,2024-04-13
1360,COMERCIO 1360 STORE,ELECTRONICS,CO,2025-05-25
1268,Comercio 1268 Store,EDUCATION,CO,2023-09-25
1210,Comercio 1210 SA,HEALTH,BR,2023-02-26
1180,Comercio 1180 SA,ELECTRONICS,CO,2024-10-06
1693,Comercio 1693 SAS,FASHION,CO,2023-03-22
1464,Comercio 1464 SAS,HEALTH,BR,2023-11-27
1522,Comercio 1522 LTDA,TRAVEL,CO,2023-03-22
1572,Comercio 1572 LTDA,EDUCATION,CO,2025-12-05
1457,Comercio 1457 LTDA,HEALTH,BR,2023-11-09
1136,Comercio 1136 SA,EDUCATION,CO,2026-01-14
1557,Comercio 1557 LTDA,ELECTRONICS,CO,2023-07-04
1194,Comercio 1194 SAS,HOME,CO,2024-11-23
1561,Comercio 1561 LTDA,FASHION,BR,2023-07-28
1395,Comercio 1395 Store,HEALTH,CO,2024-08-29
1661,Comercio 1661 SAS,EDUCATION,CO,2023-07-04
1023,Comercio 1023 Store,HEALTH,CO,2024-06-25
1237,Comercio 1237 LTDA,FASHION,CO,2024-09-22
1686,Comercio 1686 Store,FASHION,CO,2024-10-30
1495,Comercio 1495 Shop,FASHION,CO,2024-09-10
1585,Comercio 1585 SAS,ELECTRONICS,BR,2023-09-03
1124,Comercio 1124 SAS,HEALTH,CO,2024-02-24
1036,Comercio 1036 SA,HEALTH,CO,2023-08-22
1282,Comercio 1282 SA,ELECTRONICS,CO,2024-01-19
1079,Comercio 1079 Store,HOME,BR,2024-08-16
1372,Comercio 1372 Store,TRAVEL,CO,2023-04-26
1176,Comercio 1176 SAS,FASHION,CO,2025-08-29
1532,Comercio 1532 SA,MOTORCYCLES,BR,2023-03-06
1310,Comercio 1310 Shop,EDUCATION,BR,2024-10-05
1022,Comercio 1022 Shop,HEALTH,CO,2024-10-19
1215,Comercio 1215 SAS,HEALTH,CO,2023-02-21
1315,Comercio 1315 SA,HEALTH,CO,2023-02-05
1287,Comercio 1287 SAS,HOME,BR,2024-05-19
1338,COMERCIO 1338 SAS,TRAVEL,CO,2025-07-06
1235,Comercio 1235 SA,MOTORCYCLES,BR,2023-12-27
1164,Comercio 1164 LTDA,ELECTRONICS,BR,2023-06-08
1141,Comercio 1141 LTDA,ELECTRONICS,BR,2023-09-22
1083,Comercio 1083 SAS,EDUCATION,CO,2024-06-25
1408,Comercio 1408 Store,FASHION,CO,2024-06-09
1077,COMERCIO 1077 SA,MOTORCYCLES,CO,2025-03-27
1633,Comercio 1633 SAS,HEALTH,CO,2025-06-29
1651,Comercio 1651 Store,FASHION,CO,2023-09-10
1637,Comercio 1637 Shop,ELECTRONICS,CO,2024-07-27
1461,Comercio 1461 SA,FASHION,BR,2024-07-24
1419,Comercio 1419 Store,FASHION,CO,2023-07-25
1179,COMERCIO 1179 STORE,TRAVEL,CO,2025-12-03
1174,Comercio 1174 Store,TRAVEL,BR,2024-09-01
1153,Comercio 1153 Shop,HEALTH,CO,2024-04-24
1289,Comercio 1289 Shop,ELECTRONICS,BR,2024-08-29
1386,Comercio 1386 Store,HOME,BR,2024-06-09
1449,Comercio 1449 Shop,HEALTH,CO,2024-09-02
1576,Comercio 1576 LTDA,FASHION,BR,2023-03-07
1591,Comercio 1591 Shop,HEALTH,CO,2023-04-05
1288,Comercio 1288 SAS,HEALTH,BR,2024-05-03
1066,Comercio 1066 SA,HOME,BR,2023-12-14
1195,Comercio 1195 SAS,FASHION,CO,2023-11-27
1700,Comercio 1700 SAS,ELECTRONICS,CO,2024-09-30
1063,Comercio 1063 LTDA,ELECTRONICS,BR,2026-01-14
1687,Comercio 1687 SAS,HEALTH,CO,2023-09-09
1553,Comercio 1553 LTDA,MOTORCYCLES,CO,2023-04-29
1673,Comercio 1673 SAS,,BR,2023-12-29
1346,Comercio 1346 LTDA,TRAVEL,CO,2024-07-17
1282,Comercio 1282 SA,TRAVEL,CO,2026-02-19
1376,Comercio 1376 Store,EDUCATION,CO,2023-10-11
1097,Comercio 1097 Shop,EDUCATION,CO,2025-04-01
1519,Comercio 1519 Store,HEALTH,CO,2024-11-01
1094,Comercio 1094 Store,EDUCATION,CO,2024-03-07
1645,COMERCIO 1645 STORE,MOTORCYCLES,BR,2026-04-21
1689,Comercio 1689 SAS,EDUCATION,BR,2024-12-24
1005,Comercio 1005 Shop,ELECTRONICS,CO,2024-04-30
1449,Comercio 1449 Shop,FASHION,CO,2025-03-06
1413,COMERCIO 1413 SAS,TRAVEL,CO,2025-10-27
1579,Comercio 1579 SAS,HOME,CO,2024-08-01
1060,Comercio 1060 Store,HOME,BR,2026-02-04
1014,Comercio 1014 LTDA,FASHION,CO,2024-12-05
1694,Comercio 1694 Shop,FASHION,CO,2023-06-27
1486,Comercio 1486 Shop,TRAVEL,CO,2023-07-07
1300,Comercio 1300 SAS,HOME,CO,2023-12-17
1068,Comercio 1068 LTDA,HOME,CO,2024-08-24
1165,COMERCIO 1165 STORE,FASHION,CO,2025-05-07
1128,Comercio 1128 SA,MOTORCYCLES,BR,2024-07-25
1516,Comercio 1516 Store,TRAVEL,CO,2024-02-07
1393,Comercio 1393 LTDA,FASHION,CO,2024-05-10
1454,COMERCIO 1454 STORE,HOME,CO,2025-05-21
1004,Comercio 1004 SAS,HOME,CO,2025-09-04
1468,Comercio 1468 SA,ELECTRONICS,CO,2023-04-15
1529,Comercio 1529 Shop,TRAVEL,CO,2023-03-13
1048,Comercio 1048 SAS,HOME,CO,2023-08-31
1382,Comercio 1382 Store,EDUCATION,CO,2024-04-14
1213,Comercio 1213 Shop,EDUCATION,BR,2024-06-22
1547,Comercio 1547 SAS,HOME,CO,2023-06-29
1236,Comercio 1236 Shop,ELECTRONICS,BR,2024-05-26
1062,Comercio 1062 Store,FASHION,CO,2024-06-20
1459,Comercio 1459 SAS,MOTORCYCLES,BR,2024-09-15
1003,Comercio 1003 SAS,HEALTH,CO,2024-08-20
1024,Comercio 1024 SAS,HOME,BR,2024-03-20
1251,Comercio 1251 SAS,ELECTRONICS,CO,2024-05-14
1176,Comercio 1176 SAS,MOTORCYCLES,CO,2023-07-14
1280,Comercio 1280 SAS,TRAVEL,CO,2023-12-20
1607,Comercio 1607 SA,EDUCATION,BR,2023-03-10
1427,Comercio 1427 SAS,FASHION,CO,2025-12-13
1136,Comercio 1136 SA,HOME,CO,2024-10-24
1481,COMERCIO 1481 SHOP,EDUCATION,CO,2025-08-18
1480,Comercio 1480 SAS,ELECTRONICS,CO,2023-09-20
1270,Comercio 1270 SA,MOTORCYCLES,BR,2024-04-07
1144,Comercio 1144 Store,HEALTH,CO,2023-03-07
1503,Comercio 1503 Shop,FASHION,CO,2023-09-02
1306,Comercio 1306 Store,HEALTH,BR,2023-06-04
1357,Comercio 1357 SA,MOTORCYCLES,CO,2023-05-28
1198,Comercio 1198 Store,TRAVEL,CO,2024-03-05
1304,Comercio 1304 Store,FASHION,CO,2023-07-10
1443,Comercio 1443 SAS,MOTORCYCLES,CO,2024-03-30
1387,Comercio 1387 LTDA,HOME,CO,2023-03-23
1410,Comercio 1410 Store,ELECTRONICS,CO,2024-10-20
1447,Comercio 1447 SA,TRAVEL,CO,2026-04-08
1428,Comercio 1428 SA,EDUCATION,CO,2025-11-14
1564,Comercio 1564 LTDA,HEALTH,CO,2024-04-10
1250,Comercio 1250 Shop,TRAVEL,CO,2024-09-02
1412,Comercio 1412 LTDA,FASHION,CO,2024-12-29
1189,Comercio 1189 Shop,TRAVEL,CO,2023-12-21
1568,Comercio 1568 Shop,EDUCATION,BR,2023-07-19
1351,Comercio 1351 Shop,HEALTH,CO,2023-10-25
1441,Comercio 1441 Store,HOME,CO,2024-05-17
1156,Comercio 1156 Shop,ELECTRONICS,CO,2024-10-16
1125,Comercio 1125 Store,HOME,CO,2023-12-21
1355,Comercio 1355 SAS,TRAVEL,CO,2025-08-11
1204,COMERCIO 1204 SAS,FASHION,CO,2025-06-25
1614,Comercio 1614 Store,HOME,BR,2023-10-16
1598,Comercio 1598 Shop,EDUCATION,BR,2023-04-16
1540,Comercio 1540 Shop,HOME,BR,2024-12-07
1311,Comercio 1311 SA,ELECTRONICS,CO,2023-12-10
1119,COMERCIO 1119 SAS,ELECTRONICS,CO,2026-01-03
1563,Comercio 1563 SA,HEALTH,CO,2024-08-16
1647,Comercio 1647 LTDA,HEALTH,BR,2024-10-27
1435,Comercio 1435 Store,FASHION,CO,2024-06-03
1175,Comercio 1175 SAS,HOME,CO,2024-08-08
1527,Comercio 1527 Store,ELECTRONICS,BR,2024-06-25
1629,Comercio 1629 SAS,HOME,CO,2024-06-05
1465,Comercio 1465 Shop,HOME,BR,2025-09-06
1161,Comercio 1161 SAS,HOME,BR,2024-03-31
1588,Comercio 1588 Store,MOTORCYCLES,BR,2024-07-24
1407,Comercio 1407 SAS,MOTORCYCLES,CO,2023-10-22
1017,Comercio 1017 Shop,HOME,BR,2023-12-01
1538,Comercio 1538 Store,HOME,CO,2023-11-27
1025,Comercio 1025 SAS,FASHION,BR,2023-07-11
1222,COMERCIO 1222 SAS,HOME,BR,2025-09-30
1321,Comercio 1321 Store,HOME,CO,2025-05-04
1184,Comercio 1184 SA,HEALTH,BR,2024-04-06
1261,Comercio 1261 LTDA,FASHION,CO,2024-07-07
1121,Comercio 1121 LTDA,FASHION,BR,2024-01-04
1662,Comercio 1662 SA,TRAVEL,CO,2024-03-13
1406,Comercio 1406 SAS,FASHION,BR,2025-11-15
1365,Comercio 1365 Store,ELECTRONICS,CO,2023-04-01
1498,Comercio 1498 LTDA,ELECTRONICS,BR,2025-03-24
1088,Comercio 1088 Store,HEALTH,CO,2025-10-27
1285,Comercio 1285 SAS,HEALTH,CO,2024-08-24
1428,Comercio 1428 SA,FASHION,CO,2023-03-09
1316,Comercio 1316 SA,MOTORCYCLES,CO,2023-03-10
1364,Comercio 1364 Shop,HEALTH,CO,2023-08-28
1078,Comercio 1078 SA,ELECTRONICS,BR,2025-03-05
1207,Comercio 1207 Store,ELECTRONICS,BR,2023-11-20
1451,Comercio 1451 Store,FASHION,CO,2023-03-23
1621,Comercio 1621 SA,ELECTRONICS,CO,2024-02-26
1139,Comercio 1139 Shop,HEALTH,BR,2024-03-25
1203,Comercio 1203 LTDA,HOME,CO,2023-09-29
1201,Comercio 1201 Store,FASHION,CO,2025-04-07
1249,Comercio 1249 LTDA,ELECTRONICS,CO,2023-11-26
1446,Comercio 1446 Store,MOTORCYCLES,CO,2023-03-25
1556,Comercio 1556 LTDA,HEALTH,BR,2024-08-27
1664,Comercio 1664 SA,EDUCATION,CO,2023-04-30
1349,Comercio 1349 Store,MOTORCYCLES,CO,2024-02-10
1151,Comercio 1151 LTDA,HEALTH,BR,2026-03-16
1216,Comercio 1216 SA,TRAVEL,CO,2023-07-23
1132,Comercio 1132 SA,HOME,CO,2023-08-08
1336,Comercio 1336 SA,HEALTH,CO,2023-07-09
1537,Comercio 1537 SA,MOTORCYCLES,BR,2023-04-12
1680,COMERCIO 1680 SA,ELECTRONICS,BR,2025-08-25
1081,COMERCIO 1081 LTDA,TRAVEL,CO,2025-08-12
1006,Comercio 1006 SAS,TRAVEL,CO,2023-05-12
1560,Comercio 1560 LTDA,EDUCATION,BR,2024-07-19
1595,Comercio 1595 SA,,BR,2023-03-23
1185,Comercio 1185 LTDA,HOME,CO,2024-04-26
1212,Comercio 1212 LTDA,FASHION,CO,2023-04-04
1299,Comercio 1299 SA,HOME,BR,2026-02-09
1484,Comercio 1484 LTDA,ELECTRONICS,CO,2025-05-12
1620,Comercio 1620 LTDA,ELECTRONICS,CO,2024-12-23
1590,Comercio 1590 Shop,HOME,CO,2024-08-26
1626,COMERCIO 1626 STORE,HOME,BR,2025-07-07
1327,Comercio 1327 Shop,HOME,CO,2024-08-21
1507,Comercio 1507 Shop,ELECTRONICS,CO,2023-08-07
1154,Comercio 1154 SA,HOME,CO,2024-02-28
1271,Comercio 1271 Shop,HEALTH,CO,2023-09-22
1246,Comercio 1246 LTDA,MOTORCYCLES,BR,2024-12-21
1208,Comercio 1208 SA,FASHION,BR,2024-01-26
1119,Comercio 1119 SAS,HEALTH,CO,2024-04-15
1227,Comercio 1227 Shop,HEALTH,CO,2024-06-26
1596,Comercio 1596 SA,TRAVEL,BR,2024-06-23
1011,Comercio 1011 Store,TRAVEL,CO,2023-03-21
1569,Comercio 1569 SA,FASHION,CO,2023-10-20
1481,Comercio 1481 Shop,TRAVEL,CO,2023-09-15
1433,Comercio 1433 Shop,HOME,BR,2023-02-07
1384,Comercio 1384 SAS,,CO,2023-06-08
1105,Comercio 1105 Shop,ELECTRONICS,CO,2023-11-07
1510,Comercio 1510 SA,EDUCATION,BR,2023-02-16
1051,Comercio 1051 SA,EDUCATION,CO,2024-09-26
1030,Comercio 1030 Shop,FASHION,CO,2024-07-24
1191,Comercio 1191 LTDA,HOME,BR,2025-11-03
1641,Comercio 1641 SAS,MOTORCYCLES,CO,2024-06-14
1226,Comercio 1226 SA,ELECTRONICS,CO,2025-12-16
1474,Comercio 1474 LTDA,MOTORCYCLES,CO,2024-02-11
1295,Comercio 1295 LTDA,FASHION,CO,2023-06-17
1195,Comercio 1195 SAS,HOME,CO,2025-04-01
1488,Comercio 1488 LTDA,MOTORCYCLES,CO,2023-06-15
1078,Comercio 1078 SA,MOTORCYCLES,BR,2023-05-18
1171,Comercio 1171 LTDA,EDUCATION,CO,2023-08-30
1276,Comercio 1276 LTDA,FASHION,CO,2023-02-22
1244,Comercio 1244 LTDA,ELECTRONICS,BR,2024-01-07
1073,COMERCIO 1073 SAS,ELECTRONICS,CO,2025-11-06
1155,Comercio 1155 LTDA,EDUCATION,CO,2023-02-24
1034,Comercio 1034 Shop,EDUCATION,CO,2024-03-17
1411,Comercio 1411 SAS,ELECTRONICS,BR,2023-08-02
1416,COMERCIO 1416 SA,EDUCATION,CO,2026-03-29
1423,Comercio 1423 Store,HOME,CO,2024-03-15
1087,Comercio 1087 LTDA,EDUCATION,CO,2024-10-12
1564,COMERCIO 1564 LTDA,TRAVEL,CO,2025-12-02
1188,Comercio 1188 Shop,FASHION,BR,2023-06-17
1088,Comercio 1088 Store,EDUCATION,CO,2023-11-08
1279,Comercio 1279 Shop,HEALTH,CO,2023-09-19
1202,Comercio 1202 Shop,TRAVEL,BR,2024-05-26
1332,Comercio 1332 SA,TRAVEL,CO,2023-08-22
1343,Comercio 1343 LTDA,HOME,CO,2024-10-26
1169,Comercio 1169 Shop,FASHION,CO,2025-08-29
1684,Comercio 1684 SA,ELECTRONICS,BR,2024-11-13
1534,Comercio 1534 Store,FASHION,CO,2023-10-04
1071,Comercio 1071 Store,HOME,CO,2023-12-13
1409,Comercio 1409 SA,ELECTRONICS,CO,2023-08-02
1640,Comercio 1640 SAS,EDUCATION,BR,2023-11-30
1472,Comercio 1472 LTDA,EDUCATION,CO,2024-05-01
1542,Comercio 1542 SAS,FASHION,CO,2023-05-07
1075,Comercio 1075 Shop,ELECTRONICS,BR,2023-02-18
1057,Comercio 1057 SA,MOTORCYCLES,BR,2025-09-07
1216,Comercio 1216 SA,EDUCATION,CO,2025-05-16
1489,Comercio 1489 SA,HOME,CO,2024-09-28
1220,Comercio 1220 SAS,TRAVEL,CO,2023-12-30
1552,Comercio 1552 SA,FASHION,CO,2023-06-05
1635,COMERCIO 1635 SAS,MOTORCYCLES,BR,2026-01-30
1127,Comercio 1127 Store,TRAVEL,CO,2024-03-22
1496,Comercio 1496 SAS,ELECTRONICS,CO,2023-05-05
1543,Comercio 1543 SAS,EDUCATION,CO,2024-08-24
1333,Comercio 1333 Store,TRAVEL,CO,2023-05-04
1424,Comercio 1424 LTDA,FASHION,CO,2024-11-01
1039,Comercio 1039 Store,MOTORCYCLES,BR,2023-11-03
1505,Comercio 1505 LTDA,ELECTRONICS,CO,2026-01-27
1317,Comercio 1317 Shop,HOME,BR,2024-11-18
1178,Comercio 1178 Shop,HOME,CO,2024-06-22
1116,Comercio 1116 LTDA,MOTORCYCLES,CO,2023-09-09
1284,Comercio 1284 LTDA,MOTORCYCLES,CO,2023-07-19
1291,Comercio 1291 SA,TRAVEL,CO,2024-10-28
1110,Comercio 1110 LTDA,MOTORCYCLES,CO,2024-09-29
1209,Comercio 1209 SA,HEALTH,CO,2023-07-18
1223,Comercio 1223 Store,HOME,CO,2024-08-24
1069,Comercio 1069 SA,HEALTH,CO,2024-03-29
1680,Comercio 1680 SA,TRAVEL,BR,2024-09-02
1095,Comercio 1095 SAS,HEALTH,CO,2024-11-15
1571,Comercio 1571 LTDA,EDUCATION,BR,2024-06-14
1584,Comercio 1584 LTDA,MOTORCYCLES,BR,2024-09-28
1309,Comercio 1309 Shop,HOME,CO,2025-12-22
1649,Comercio 1649 LTDA,FASHION,CO,2023-04-20
1150,Comercio 1150 Store,ELECTRONICS,CO,2024-06-12
1627,Comercio 1627 Store,FASHION,CO,2024-01-04
1292,Comercio 1292 LTDA,MOTORCYCLES,CO,2023-11-11
1032,Comercio 1032 LTDA,MOTORCYCLES,BR,2023-02-10
1278,Comercio 1278 SAS,TRAVEL,BR,2024-02-16
1584,COMERCIO 1584 LTDA,TRAVEL,BR,2025-11-19
1341,Comercio 1341 Shop,,CO,2025-03-21
1123,Comercio 1123 Store,HOME,CO,2023-05-23
1009,Comercio 1009 Store,TRAVEL,CO,2023-07-09
1040,Comercio 1040 SAS,HEALTH,CO,2023-11-01
1080,Comercio 1080 SA,HOME,CO,2024-12-12
1630,COMERCIO 1630 SHOP,MOTORCYCLES,BR,2025-10-22
1696,Comercio 1696 Store,FASHION,CO,2024-08-29
1447,Comercio 1447 SA,MOTORCYCLES,CO,2023-04-04
1455,Comercio 1455 SA,HOME,CO,2024-05-31
1241,Comercio 1241 SA,ELECTRONICS,BR,2024-09-12
1233,Comercio 1233 SAS,HEALTH,CO,2024-10-26
1338,Comercio 1338 SAS,ELECTRONICS,CO,2024-12-30
1255,Comercio 1255 LTDA,HEALTH,CO,2025-10-19
1342,Comercio 1342 Shop,TRAVEL,CO,2024-09-21
1530,Comercio 1530 LTDA,FASHION,CO,2023-04-04
1101,Comercio 1101 LTDA,HEALTH,CO,2024-10-03
1688,Comercio 1688 SAS,HEALTH,CO,2023-09-30
1572,Comercio 1572 LTDA,TRAVEL,CO,2024-04-24
1294,Comercio 1294 LTDA,EDUCATION,CO,2024-03-08
1275,Comercio 1275 SA,ELECTRONICS,BR,2024-03-16
1111,COMERCIO 1111 SHOP,EDUCATION,BR,2025-05-20
1593,Comercio 1593 SAS,HOME,CO,2023-10-04
1525,Comercio 1525 LTDA,EDUCATION,CO,2023-06-30
1299,Comercio 1299 SA,ELECTRONICS,BR,2023-09-08
1670,Comercio 1670 LTDA,FASHION,CO,2023-08-03
1632,Comercio 1632 SA,MOTORCYCLES,CO,2024-07-11
1501,Comercio 1501 SAS,MOTORCYCLES,CO,2023-12-03
1008,Comercio 1008 SA,TRAVEL,CO,2024-05-27
1081,Comercio 1081 LTDA,HEALTH,CO,2023-04-09
1678,Comercio 1678 Shop,HEALTH,BR,2023-08-24
1283,Comercio 1283 LTDA,TRAVEL,CO,2023-03-18
1418,Comercio 1418 Store,HEALTH,BR,2024-08-19
1666,Comercio 1666 SA,FASHION,BR,2023-07-12
1570,Comercio 1570 Store,HOME,CO,2024-07-21
1020,Comercio 1020 Shop,TRAVEL,BR,2024-09-15
1395,Comercio 1395 Store,,CO,2025-11-10
1674,Comercio 1674 Store,FASHION,CO,2024-01-06
1329,Comercio 1329 Shop,MOTORCYCLES,CO,2023-03-08
1690,Comercio 1690 Shop,ELECTRONICS,CO,2024-05-18
1659,Comercio 1659 SAS,EDUCATION,BR,2024-10-28
1392,Comercio 1392 Shop,MOTORCYCLES,CO,2024-03-12
1478,Comercio 1478 SA,HEALTH,CO,2023-07-20
1404,Comercio 1404 LTDA,ELECTRONICS,BR,2024-01-07
1041,Comercio 1041 SA,HEALTH,CO,2023-05-03
1297,Comercio 1297 Shop,FASHION,CO,2024-03-08
1239,Comercio 1239 Store,EDUCATION,CO,2024-07-30
1044,Comercio 1044 SAS,ELECTRONICS,CO,2023-09-24
1400,Comercio 1400 SAS,HEALTH,CO,2024-10-27
1181,Comercio 1181 Store,ELECTRONICS,CO,2023-12-02
1177,Comercio 1177 SA,HEALTH,CO,2025-05-04
1657,Comercio 1657 Store,HEALTH,CO,2024-07-12
1691,Comercio 1691 LTDA,EDUCATION,BR,2024-03-29
1522,COMERCIO 1522 LTDA,HEALTH,CO,2025-10-13
1165,Comercio 1165 Store,TRAVEL,CO,2024-03-25
1456,Comercio 1456 Shop,HEALTH,CO,2023-10-26
1503,COMERCIO 1503 SHOP,HOME,CO,2025-12-05
1694,COMERCIO 1694 SHOP,MOTORCYCLES,CO,2025-08-24
1057,Comercio 1057 SA,HOME,BR,2023-10-27
1488,COMERCIO 1488 LTDA,TRAVEL,CO,2025-04-02
1197,Comercio 1197 SA,ELECTRONICS,CO,2024-05-24
1361,Comercio 1361 SA,MOTORCYCLES,CO,2023-09-24
1610,Comercio 1610 LTDA,TRAVEL,CO,2024-05-11
1466,Comercio 1466 SA,MOTORCYCLES,BR,2024-01-11
1001,Comercio 1001 Store,MOTORCYCLES,CO,2023-05-19
1438,Comercio 1438 Store,EDUCATION,CO,2025-06-02
1558,Comercio 1558 Store,ELECTRONICS,CO,2024-04-04
1152,Comercio 1152 Shop,MOTORCYCLES,CO,2024-10-13
1330,Comercio 1330 SA,HEALTH,CO,2024-10-21
1122,Comercio 1122 SAS,TRAVEL,CO,2023-11-04
1024,COMERCIO 1024 SAS,HEALTH,BR,2026-03-19
1376,Comercio 1376 Store,MOTORCYCLES,CO,2026-03-01
1541,Comercio 1541 SA,TRAVEL,CO,2023-11-19
1528,Comercio 1528 SAS,ELECTRONICS,CO,2023-06-07
1053,Comercio 1053 Shop,ELECTRONICS,CO,2024-03-17
1578,Comercio 1578 Store,TRAVEL,CO,2023-02-28
1266,Comercio 1266 Shop,EDUCATION,BR,2024-01-26
1345,Comercio 1345 Shop,MOTORCYCLES,BR,2023-03-24
1583,Comercio 1583 LTDA,FASHION,BR,2024-10-09
1391,Comercio 1391 Shop,MOTORCYCLES,CO,2025-11-10
1038,Comercio 1038 Shop,ELECTRONICS,CO,2024-07-12
1533,Comercio 1533 Store,HOME,CO,2023-11-03
1513,Comercio 1513 LTDA,TRAVEL,BR,2024-09-27
1431,Comercio 1431 SAS,HEALTH,CO,2023-05-18
1597,Comercio 1597 SAS,ELECTRONICS,CO,2024-08-06
1396,Comercio 1396 Shop,HEALTH,BR,2024-10-22
1177,Comercio 1177 SA,HOME,CO,2023-09-05
1601,Comercio 1601 Store,TRAVEL,CO,2023-05-17
1695,COMERCIO 1695 STORE,HOME,CO,2025-07-26
1642,Comercio 1642 Store,MOTORCYCLES,CO,2023-07-22
1493,Comercio 1493 LTDA,EDUCATION,CO,2024-11-22
1398,Comercio 1398 Shop,FASHION,CO,2023-11-17
1103,Comercio 1103 SAS,ELECTRONICS,CO,2024-10-30
1631,Comercio 1631 Shop,EDUCATION,BR,2024-04-09
1055,Comercio 1055 Store,ELECTRONICS,CO,2024-04-28
1070,Comercio 1070 SAS,TRAVEL,CO,2025-04-25
1550,Comercio 1550 Shop,HEALTH,CO,2024-06-07
1264,Comercio 1264 LTDA,EDUCATION,BR,2023-07-12
1313,Comercio 1313 SAS,EDUCATION,CO,2023-10-01
1695,Comercio 1695 Store,HEALTH,CO,2023-04-27
1050,Comercio 1050 SAS,FASHION,CO,2024-03-13
1018,COMERCIO 1018 SHOP,HEALTH,BR,2026-02-21
1667,Comercio 1667 LTDA,HEALTH,CO,2023-02-23
1074,Comercio 1074 Shop,EDUCATION,CO,2024-09-10
1617,Comercio 1617 SAS,MOTORCYCLES,CO,2023-07-14
1524,Comercio 1524 LTDA,ELECTRONICS,BR,2023-04-04
1258,Comercio 1258 SAS,TRAVEL,CO,2024-05-17
1031,Comercio 1031 LTDA,ELECTRONICS,CO,2023-11-19
1114,Comercio 1114 LTDA,HEALTH,CO,2024-12-29
1625,Comercio 1625 SAS,FASHION,BR,2024-01-05
1476,Comercio 1476 LTDA,ELECTRONICS,CO,2023-02-06
1409,COMERCIO 1409 SA,HEALTH,CO,2025-08-20
1438,Comercio 1438 Store,MOTORCYCLES,CO,2023-11-12
1452,Comercio 1452 Store,,CO,2024-05-11
1080,COMERCIO 1080 SA,HEALTH,CO,2026-02-12
1072,Comercio 1072 Store,EDUCATION,CO,2024-04-29
1363,Comercio 1363 SAS,ELECTRONICS,CO,2024-12-04
1389,Comercio 1389 LTDA,HEALTH,CO,2024-08-06
1623,Comercio 1623 Store,ELECTRONICS,CO,2023-08-29
1298,Comercio 1298 SAS,EDUCATION,CO,2025-09-08
1565,Comercio 1565 LTDA,MOTORCYCLES,CO,2023-08-09
1473,Comercio 1473 SA,FASHION,BR,2023-12-25
1652,Comercio 1652 SAS,FASHION,CO,2023-06-27
1619,Comercio 1619 SA,HOME,BR,2024-08-09
1326,Comercio 1326 Store,MOTORCYCLES,CO,2024-05-20
1618,Comercio 1618 SA,FASHION,CO,2024-06-24
1319,Comercio 1319 Shop,HOME,CO,2023-08-31
1681,Comercio 1681 Store,FASHION,CO,2023-05-02
1605,Comercio 1605 SAS,HOME,CO,2024-09-18
1217,Comercio 1217 LTDA,TRAVEL,BR,2024-07-16
1416,Comercio 1416 SA,HEALTH,CO,2024-03-07
1698,Comercio 1698 SA,MOTORCYCLES,BR,2023-09-15
1355,Comercio 1355 SAS,HEALTH,CO,2024-04-13
1523,Comercio 1523 LTDA,HEALTH,CO,2024-10-31
1654,Comercio 1654 Shop,EDUCATION,CO,2023-03-08
1455,COMERCIO 1455 SA,MOTORCYCLES,CO,2026-01-22
1169,Comercio 1169 Shop,HEALTH,CO,2023-12-08
1260,COMERCIO 1260 SAS,EDUCATION,CO,2025-12-30
1684,Comercio 1684 SA,HOME,BR,2025-03-05
1109,Comercio 1109 LTDA,HEALTH,CO,2024-05-18
1045,Comercio 1045 Store,FASHION,CO,2023-06-14
1192,Comercio 1192 LTDA,EDUCATION,CO,2023-07-07
1458,Comercio 1458 LTDA,EDUCATION,CO,2023-11-11
1479,Comercio 1479 LTDA,HOME,CO,2024-07-06
1366,Comercio 1366 Store,HOME,CO,2024-07-22
1028,COMERCIO 1028 STORE,FASHION,CO,2026-02-22
1100,Comercio 1100 SAS,FASHION,CO,2024-06-16
1172,Comercio 1172 Store,ELECTRONICS,BR,2024-05-02
1286,Comercio 1286 Store,TRAVEL,CO,2024-07-01
1370,Comercio 1370 Store,ELECTRONICS,BR,2024-09-08
1245,Comercio 1245 Store,FASHION,BR,2023-09-19
1574,Comercio 1574 Store,HOME,CO,2024-06-27
1075,COMERCIO 1075 SHOP,TRAVEL,BR,2025-07-10
1265,Comercio 1265 Shop,EDUCATION,CO,2023-04-22
1263,Comercio 1263 LTDA,ELECTRONICS,BR,2025-05-07
1204,Comercio 1204 SAS,MOTORCYCLES,CO,2024-05-21
1463,Comercio 1463 Store,TRAVEL,CO,2023-12-15
1444,Comercio 1444 LTDA,HOME,CO,2024-07-04
1448,Comercio 1448 SAS,MOTORCYCLES,CO,2024-11-10
1293,Comercio 1293 SA,HOME,CO,2023-07-31
1045,COMERCIO 1045 STORE,TRAVEL,CO,2025-09-03
1628,Comercio 1628 SA,,BR,2024-03-04
1085,Comercio 1085 SA,ELECTRONICS,CO,2023-11-27
1160,Comercio 1160 SAS,HEALTH,CO,2023-11-21
1549,Comercio 1549 SAS,EDUCATION,BR,2024-08-19
1653,Comercio 1653 SAS,FASHION,CO,2023-09-04
1508,Comercio 1508 Store,TRAVEL,CO,2023-05-01
1102,Comercio 1102 Store,HOME,BR,2025-08-13
1328,Comercio 1328 Store,EDUCATION,CO,2024-05-08
1591,COMERCIO 1591 SHOP,EDUCATION,CO,2025-10-06
1230,Comercio 1230 SA,HOME,CO,2023-06-13
1675,Comercio 1675 LTDA,ELECTRONICS,CO,2024-02-24
1042,Comercio 1042 SAS,HEALTH,BR,2023-08-07
1587,Comercio 1587 SAS,TRAVEL,CO,2024-03-16
1475,Comercio 1475 SA,ELECTRONICS,CO,2023-02-28
1491,Comercio 1491 Store,HEALTH,CO,2024-11-21
1354,Comercio 1354 LTDA,TRAVEL,BR,2024-08-04
1544,Comercio 1544 SA,EDUCATION,CO,2024-10-14
1211,Comercio 1211 LTDA,,BR,2024-03-12
1293,COMERCIO 1293 SA,TRAVEL,CO,2026-02-24
1065,Comercio 1065 SAS,EDUCATION,CO,2024-11-09
1381,Comercio 1381 Shop,ELECTRONICS,CO,2024-11-25
1242,Comercio 1242 SA,HEALTH,CO,2023-09-30
1435,Comercio 1435 Store,EDUCATION,CO,2025-11-15
1472,COMERCIO 1472 LTDA,FASHION,CO,2025-12-08
1406,Comercio 1406 SAS,HOME,BR,2023-02-22
1430,Comercio 1430 SA,TRAVEL,CO,2025-11-08
1137,Comercio 1137 SA,FASHION,BR,2023-06-30
