rate_date,currency,units_per_usd
2024-12-23,COP,4163.75
2024-12-23,BRL,5.5354
2024-12-24,COP,4156.94
2024-12-24,BRL,5.5418
2024-12-25,COP,4147.91
2024-12-25,BRL,5.5289
2024-12-26,COP,4137.72
2024-12-26,BRL,5.5512
2024-12-27,COP,4117.19
2024-12-27,BRL,5.5651
2024-12-30,COP,4156.83
2024-12-30,BRL,5.5158
2024-12-31,COP,4186.15
2024-12-31,BRL,5.5051
2025-01-02,COP,4217.57
2025-01-02,BRL,5.5187
2025-01-03,COP,4212.48
2025-01-03,BRL,5.5539
2025-01-06,COP,4207.15
2025-01-06,BRL,5.583
2025-01-07,COP,4213.05
2025-01-07,BRL,5.5813
2025-01-08,COP,4215.64
2025-01-08,BRL,5.5706
2025-01-09,COP,4217.96
2025-01-09,BRL,5.547
2025-01-10,COP,4186.71
2025-01-10,BRL,5.5905
2025-01-13,COP,4184.08
2025-01-13,BRL,5.5807
2025-01-14,COP,4182.85
2025-01-14,BRL,5.5479
2025-01-15,COP,4183.86
2025-01-15,BRL,5.4906
2025-01-16,COP,4169.49
2025-01-16,BRL,5.4968
2025-01-17,COP,4197.96
2025-01-17,BRL,5.4839
2025-01-20,COP,4166.53
2025-01-20,BRL,5.4823
2025-01-21,COP,4170.39
2025-01-21,BRL,5.472
2025-01-22,COP,4197.11
2025-01-22,BRL,5.4481
2025-01-23,COP,4207.43
2025-01-23,BRL,5.4641
2025-01-24,COP,4209.67
2025-01-24,BRL,5.4561
2025-01-27,COP,4206.05
2025-01-27,BRL,5.4826
2025-01-28,COP,4208.56
2025-01-28,BRL,5.5096
2025-01-29,COP,4244.78
2025-01-29,BRL,5.5067
2025-01-30,COP,4246.13
2025-01-30,BRL,5.5255
2025-01-31,COP,4226.09
2025-01-31,BRL,5.5461
2025-02-03,COP,4241.53
2025-02-03,BRL,5.6091
2025-02-04,COP,4237.03
2025-02-04,BRL,5.5609
2025-02-05,COP,4234.02
2025-02-05,BRL,5.5675
2025-02-06,COP,4238.16
2025-02-06,BRL,5.5795
2025-02-07,COP,4246.19
2025-02-07,BRL,5.5902
2025-02-10,COP,4239.9
2025-02-10,BRL,5.526
2025-02-11,COP,4246.56
2025-02-11,BRL,5.5431
2025-02-12,COP,4221.41
2025-02-12,BRL,5.516
2025-02-13,COP,4247.8
2025-02-13,BRL,5.5211
2025-02-14,COP,4255.89
2025-02-14,BRL,5.5015
2025-02-17,COP,4237.37
2025-02-17,BRL,5.5202
2025-02-18,COP,4257.19
2025-02-18,BRL,5.5219
2025-02-19,COP,4277.63
2025-02-19,BRL,5.5287
2025-02-20,COP,4261.28
2025-02-20,BRL,5.5487
2025-02-21,COP,4272.12
2025-02-21,BRL,5.595
2025-02-24,COP,4247.01
2025-02-24,BRL,5.5995
2025-02-25,COP,4271.58
2025-02-25,BRL,5.6266
2025-02-26,COP,4258.48
2025-02-26,BRL,5.6495
2025-02-27,COP,4242.43
2025-02-27,BRL,5.6587
2025-02-28,COP,4263.43
2025-02-28,BRL,5.6908
2025-03-03,COP,4273.9
2025-03-03,BRL,5.6818
2025-03-04,COP,4260.58
2025-03-04,BRL,5.6669
2025-03-05,COP,4237.8
2025-03-05,BRL,5.6493
2025-03-06,COP,4269.26
2025-03-06,BRL,5.6336
2025-03-07,COP,4262.28
2025-03-07,BRL,5.6637
2025-03-10,COP,4300.57
2025-03-10,BRL,5.7059
2025-03-11,COP,4347.3
2025-03-11,BRL,5.6987
2025-03-12,COP,4300.9
2025-03-12,BRL,5.6996
2025-03-13,COP,4328.26
2025-03-13,BRL,5.6954
2025-03-14,COP,4341.51
2025-03-14,BRL,5.6471
2025-03-17,COP,4348.07
2025-03-17,BRL,5.6562
2025-03-18,COP,4331.81
2025-03-18,BRL,5.6306
2025-03-19,COP,4324.02
2025-03-19,BRL,5.6372
2025-03-20,COP,4333.77
2025-03-20,BRL,5.5907
2025-03-21,COP,4327.69
2025-03-21,BRL,5.5465
2025-03-24,COP,4349.7
2025-03-24,BRL,5.4875
2025-03-25,COP,4337.6
2025-03-25,BRL,5.5122
2025-03-26,COP,4343.82
2025-03-26,BRL,5.5383
2025-03-27,COP,4362.54
2025-03-27,BRL,5.5436
2025-03-28,COP,4353.21
2025-03-28,BRL,5.5726
2025-03-31,COP,4358.71
2025-03-31,BRL,5.6073
2025-04-01,COP,4374.81
2025-04-01,BRL,5.626
2025-04-02,COP,4390.1
2025-04-02,BRL,5.6041
2025-04-03,COP,4377.16
2025-04-03,BRL,5.5975
2025-04-04,COP,4360.04
2025-04-04,BRL,5.5613
2025-04-07,COP,4361.71
2025-04-07,BRL,5.5623
2025-04-08,COP,4382.13
2025-04-08,BRL,5.5591
2025-04-09,COP,4373.09
2025-04-09,BRL,5.5274
2025-04-10,COP,4356.45
2025-04-10,BRL,5.4893
2025-04-11,COP,4380.8
2025-04-11,BRL,5.4945
2025-04-14,COP,4355.79
2025-04-14,BRL,5.5333
2025-04-15,COP,4318.3
2025-04-15,BRL,5.5204
2025-04-16,COP,4307.05
2025-04-16,BRL,5.5575
2025-04-17,COP,4340.34
2025-04-17,BRL,5.5181
2025-04-21,COP,4338.84
2025-04-21,BRL,5.4248
2025-04-22,COP,4336.43
2025-04-22,BRL,5.481
2025-04-23,COP,4348.34
2025-04-23,BRL,5.4978
2025-04-24,COP,4341.21
2025-04-24,BRL,5.5264
2025-04-25,COP,4313.09
2025-04-25,BRL,5.5072
2025-04-28,COP,4300.67
2025-04-28,BRL,5.47
2025-04-29,COP,4266.31
2025-04-29,BRL,5.541
2025-04-30,COP,4266.58
2025-04-30,BRL,5.5393
2025-05-01,COP,4288.1
2025-05-01,BRL,5.5343
2025-05-02,COP,4303.2
2025-05-02,BRL,5.5456
2025-05-05,COP,4273.94
2025-05-05,BRL,5.5539
2025-05-06,COP,4267.92
2025-05-06,BRL,5.5928
2025-05-07,COP,4263.19
2025-05-07,BRL,5.5888
2025-05-08,COP,4284.08
2025-05-08,BRL,5.6715
2025-05-09,COP,4294.81
2025-05-09,BRL,5.6357
2025-05-12,COP,4299.06
2025-05-12,BRL,5.6528
2025-05-13,COP,4290.08
2025-05-13,BRL,5.638
2025-05-14,COP,4293.8
2025-05-14,BRL,5.6368
2025-05-15,COP,4307.58
2025-05-15,BRL,5.6513
2025-05-16,COP,4329.42
2025-05-16,BRL,5.6632
2025-05-19,COP,4350.41
2025-05-19,BRL,5.76
2025-05-20,COP,4311.75
2025-05-20,BRL,5.7997
2025-05-21,COP,4315.53
2025-05-21,BRL,5.7581
2025-05-22,COP,4347.0
2025-05-22,BRL,5.6964
2025-05-23,COP,4345.61
2025-05-23,BRL,5.7269
2025-05-26,COP,4400.58
2025-05-26,BRL,5.7654
2025-05-27,COP,4408.37
2025-05-27,BRL,5.6952
2025-05-28,COP,4400.81
2025-05-28,BRL,5.6718
2025-05-29,COP,4390.51
2025-05-29,BRL,5.6943
2025-05-30,COP,4416.11
2025-05-30,BRL,5.7133
2025-06-02,COP,4409.95
2025-06-02,BRL,5.6482
2025-06-03,COP,4442.12
2025-06-03,BRL,5.6234
2025-06-04,COP,4437.7
2025-06-04,BRL,5.6636
2025-06-05,COP,4463.13
2025-06-05,BRL,5.6424
2025-06-06,COP,4454.45
2025-06-06,BRL,5.6105
2025-06-09,COP,4439.56
2025-06-09,BRL,5.5308
2025-06-10,COP,4478.68
2025-06-10,BRL,5.5059
2025-06-11,COP,4508.47
2025-06-11,BRL,5.484
2025-06-12,COP,4525.79
2025-06-12,BRL,5.4998
2025-06-13,COP,4513.51
2025-06-13,BRL,5.4654
2025-06-16,COP,4492.78
2025-06-16,BRL,5.4558
2025-06-17,COP,4458.26
2025-06-17,BRL,5.4388
2025-06-18,COP,4458.56
2025-06-18,BRL,5.4296
2025-06-19,COP,4416.67
2025-06-19,BRL,5.4195
2025-06-20,COP,4448.51
2025-06-20,BRL,5.4311
2025-06-23,COP,4482.24
2025-06-23,BRL,5.4166
2025-06-24,COP,4509.09
2025-06-24,BRL,5.4269
2025-06-25,COP,4515.86
2025-06-25,BRL,5.4324
2025-06-26,COP,4499.83
2025-06-26,BRL,5.4214
2025-06-27,COP,4499.45
2025-06-27,BRL,5.4123
2025-06-30,COP,4462.68
2025-06-30,BRL,5.3992
2025-07-01,COP,4459.78
2025-07-01,BRL,5.3775
2025-07-02,COP,4471.93
2025-07-02,BRL,5.3709
2025-07-03,COP,4446.2
2025-07-03,BRL,5.3736
2025-07-04,COP,4465.96
2025-07-04,BRL,5.3534
2025-07-07,COP,4437.96
2025-07-07,BRL,5.3132
2025-07-08,COP,4444.7
2025-07-08,BRL,5.2714
2025-07-09,COP,4440.4
2025-07-09,BRL,5.2853
2025-07-10,COP,4425.88
2025-07-10,BRL,5.3036
2025-07-11,COP,4402.01
2025-07-11,BRL,5.2691
2025-07-14,COP,4435.32
2025-07-14,BRL,5.1817
2025-07-15,COP,4434.66
2025-07-15,BRL,5.1644
2025-07-16,COP,4438.01
2025-07-16,BRL,5.165
2025-07-17,COP,4455.41
2025-07-17,BRL,5.1643
2025-07-18,COP,4462.55
2025-07-18,BRL,5.143
2025-07-21,COP,4502.77
2025-07-21,BRL,5.1709
2025-07-22,COP,4488.97
2025-07-22,BRL,5.153
2025-07-23,COP,4510.37
2025-07-23,BRL,5.1396
2025-07-24,COP,4509.22
2025-07-24,BRL,5.1152
2025-07-25,COP,4510.13
2025-07-25,BRL,5.1456
2025-07-28,COP,4459.4
2025-07-28,BRL,5.1355
2025-07-29,COP,4460.03
2025-07-29,BRL,5.1292
2025-07-30,COP,4470.45
2025-07-30,BRL,5.1099
2025-07-31,COP,4457.62
2025-07-31,BRL,5.1199
2025-08-01,COP,4447.68
2025-08-01,BRL,5.122
2025-08-04,COP,4456.29
2025-08-04,BRL,5.0977
2025-08-05,COP,4445.99
2025-08-05,BRL,5.103
2025-08-06,COP,4433.21
2025-08-06,BRL,5.1096
2025-08-07,COP,4445.76
2025-08-07,BRL,5.0889
2025-08-08,COP,4444.57
2025-08-08,BRL,5.1359
2025-08-11,COP,4445.04
2025-08-11,BRL,5.1565
2025-08-12,COP,4442.41
2025-08-12,BRL,5.1394
2025-08-13,COP,4438.83
2025-08-13,BRL,5.1576
2025-08-14,COP,4428.32
2025-08-14,BRL,5.1526
2025-08-15,COP,4432.25
2025-08-15,BRL,5.1674
2025-08-18,COP,4432.12
2025-08-18,BRL,5.1363
2025-08-19,COP,4376.81
2025-08-19,BRL,5.127
2025-08-20,COP,4367.1
2025-08-20,BRL,5.1053
2025-08-21,COP,4342.93
2025-08-21,BRL,5.1014
2025-08-22,COP,4351.46
2025-08-22,BRL,5.1168
2025-08-25,COP,4345.36
2025-08-25,BRL,5.0902
2025-08-26,COP,4382.21
2025-08-26,BRL,5.1113
2025-08-27,COP,4404.05
2025-08-27,BRL,5.0971
2025-08-28,COP,4406.34
2025-08-28,BRL,5.0692
2025-08-29,COP,4386.78
2025-08-29,BRL,5.0965
2025-09-01,COP,4372.98
2025-09-01,BRL,5.081
2025-09-02,COP,4410.65
2025-09-02,BRL,5.0916
2025-09-03,COP,4435.8
2025-09-03,BRL,5.0899
2025-09-04,COP,4430.9
2025-09-04,BRL,5.1088
2025-09-05,COP,4427.69
2025-09-05,BRL,5.1171
2025-09-08,COP,4431.08
2025-09-08,BRL,5.1852
2025-09-09,COP,4427.13
2025-09-09,BRL,5.1434
2025-09-10,COP,4393.39
2025-09-10,BRL,5.1522
2025-09-11,COP,4397.5
2025-09-11,BRL,5.1571
2025-09-12,COP,4382.69
2025-09-12,BRL,5.164
2025-09-15,COP,4338.21
2025-09-15,BRL,5.1379
2025-09-16,COP,4330.92
2025-09-16,BRL,5.1622
2025-09-17,COP,4328.07
2025-09-17,BRL,5.1906
2025-09-18,COP,4318.05
2025-09-18,BRL,5.1602
2025-09-19,COP,4321.27
2025-09-19,BRL,5.1816
2025-09-22,COP,4262.29
2025-09-22,BRL,5.142
2025-09-23,COP,4277.2
2025-09-23,BRL,5.1607
2025-09-24,COP,4283.28
2025-09-24,BRL,5.1346
2025-09-25,COP,4291.44
2025-09-25,BRL,5.1149
2025-09-26,COP,4277.72
2025-09-26,BRL,5.1428
2025-09-29,COP,4232.36
2025-09-29,BRL,5.1189
2025-09-30,COP,4255.18
2025-09-30,BRL,5.1471
2025-10-01,COP,4256.61
2025-10-01,BRL,5.1411
2025-10-02,COP,4280.61
2025-10-02,BRL,5.1412
2025-10-03,COP,4281.77
2025-10-03,BRL,5.1577
2025-10-06,COP,4247.61
2025-10-06,BRL,5.1858
2025-10-07,COP,4228.84
2025-10-07,BRL,5.1799
2025-10-08,COP,4196.17
2025-10-08,BRL,5.2265
2025-10-09,COP,4198.52
2025-10-09,BRL,5.1935
2025-10-10,COP,4216.29
2025-10-10,BRL,5.2227
2025-10-13,COP,4257.3
2025-10-13,BRL,5.2473
2025-10-14,COP,4270.91
2025-10-14,BRL,5.2616
2025-10-15,COP,4268.83
2025-10-15,BRL,5.3178
2025-10-16,COP,4259.31
2025-10-16,BRL,5.3215
2025-10-17,COP,4251.72
2025-10-17,BRL,5.3353
2025-10-20,COP,4208.07
2025-10-20,BRL,5.3137
2025-10-21,COP,4219.76
2025-10-21,BRL,5.3234
2025-10-22,COP,4211.04
2025-10-22,BRL,5.3263
2025-10-23,COP,4181.68
2025-10-23,BRL,5.3715
2025-10-24,COP,4180.53
2025-10-24,BRL,5.3608
2025-10-27,COP,4247.85
2025-10-27,BRL,5.3965
2025-10-28,COP,4251.35
2025-10-28,BRL,5.4273
2025-10-29,COP,4241.49
2025-10-29,BRL,5.4178
2025-10-30,COP,4228.0
2025-10-30,BRL,5.4156
2025-10-31,COP,4231.59
2025-10-31,BRL,5.4218
2025-11-03,COP,4199.51
2025-11-03,BRL,5.3795
2025-11-04,COP,4214.45
2025-11-04,BRL,5.3875
2025-11-05,COP,4233.03
2025-11-05,BRL,5.3951
2025-11-06,COP,4242.7
2025-11-06,BRL,5.3953
2025-11-07,COP,4277.33
2025-11-07,BRL,5.3985
2025-11-10,COP,4241.1
2025-11-10,BRL,5.4285
2025-11-11,COP,4236.09
2025-11-11,BRL,5.4201
2025-11-12,COP,4250.6
2025-11-12,BRL,5.4175
2025-11-13,COP,4208.28
2025-11-13,BRL,5.3874
2025-11-14,COP,4171.27
2025-11-14,BRL,5.4008
2025-11-17,COP,4169.3
2025-11-17,BRL,5.3578
2025-11-18,COP,4162.3
2025-11-18,BRL,5.3865
2025-11-19,COP,4159.53
2025-11-19,BRL,5.3899
2025-11-20,COP,4155.86
2025-11-20,BRL,5.3809
2025-11-21,COP,4152.76
2025-11-21,BRL,5.4098
2025-11-24,COP,4154.38
2025-11-24,BRL,5.4131
2025-11-25,COP,4136.24
2025-11-25,BRL,5.3599
2025-11-26,COP,4144.38
2025-11-26,BRL,5.3929
2025-11-27,COP,4131.64
2025-11-27,BRL,5.4068
2025-11-28,COP,4131.14
2025-11-28,BRL,5.4164
2025-12-01,COP,4145.93
2025-12-01,BRL,5.4569
2025-12-02,COP,4162.85
2025-12-02,BRL,5.4528
2025-12-03,COP,4177.44
2025-12-03,BRL,5.4702
2025-12-04,COP,4128.03
2025-12-04,BRL,5.4563
2025-12-05,COP,4123.32
2025-12-05,BRL,5.4384
2025-12-08,COP,4121.21
2025-12-08,BRL,5.3958
2025-12-09,COP,4129.89
2025-12-09,BRL,5.4232
2025-12-10,COP,4127.33
2025-12-10,BRL,5.4198
2025-12-11,COP,4135.83
2025-12-11,BRL,5.4207
2025-12-12,COP,4175.22
2025-12-12,BRL,5.4106
2025-12-15,COP,4188.4
2025-12-15,BRL,5.3803
2025-12-16,COP,4210.9
2025-12-16,BRL,5.4036
2025-12-17,COP,4227.94
2025-12-17,BRL,5.423
2025-12-18,COP,4221.67
2025-12-18,BRL,5.4177
2025-12-19,COP,4227.71
2025-12-19,BRL,5.4176
2025-12-22,COP,4196.06
2025-12-22,BRL,5.4193
2025-12-23,COP,4206.12
2025-12-23,BRL,5.4264
2025-12-24,COP,4192.94
2025-12-24,BRL,5.4196
2025-12-26,COP,4172.63
2025-12-26,BRL,5.4175
2025-12-29,COP,4189.86
2025-12-29,BRL,5.4728
2025-12-30,COP,4173.52
2025-12-30,BRL,5.5248
2025-12-31,COP,4175.13
2025-12-31,BRL,5.5077
2026-01-02,COP,4178.54
2026-01-02,BRL,5.4952
2026-01-05,COP,4157.77
2026-01-05,BRL,5.4619
2026-01-06,COP,4190.87
2026-01-06,BRL,5.4655
2026-01-07,COP,4225.27
2026-01-07,BRL,5.4541
2026-01-08,COP,4181.01
2026-01-08,BRL,5.4608
2026-01-09,COP,4192.39
2026-01-09,BRL,5.4605
2026-01-12,COP,4215.76
2026-01-12,BRL,5.4342
2026-01-13,COP,4225.25
2026-01-13,BRL,5.4314
2026-01-14,COP,4232.07
2026-01-14,BRL,5.4476
2026-01-15,COP,4243.37
2026-01-15,BRL,5.4408
2026-01-16,COP,4221.36
2026-01-16,BRL,5.4005
2026-01-19,COP,4250.05
2026-01-19,BRL,5.504
2026-01-20,COP,4281.76
2026-01-20,BRL,5.5347
2026-01-21,COP,4287.34
2026-01-21,BRL,5.5245
2026-01-22,COP,4290.65
2026-01-22,BRL,5.5438
2026-01-23,COP,4292.87
2026-01-23,BRL,5.5659
2026-01-26,COP,4335.2
2026-01-26,BRL,5.5533
2026-01-27,COP,4325.9
2026-01-27,BRL,5.579
2026-01-28,COP,4337.62
2026-01-28,BRL,5.5234
2026-01-29,COP,4325.93
2026-01-29,BRL,5.5368
2026-01-30,COP,4306.18
2026-01-30,BRL,5.5301
2026-02-02,COP,4260.53
2026-02-02,BRL,5.5252
2026-02-03,COP,4244.57
2026-02-03,BRL,5.5261
2026-02-04,COP,4242.31
2026-02-04,BRL,5.4628
2026-02-05,COP,4249.01
2026-02-05,BRL,5.4458
2026-02-06,COP,4271.66
2026-02-06,BRL,5.4824
2026-02-09,COP,4240.45
2026-02-09,BRL,5.5613
2026-02-10,COP,4233.12
2026-02-10,BRL,5.5872
2026-02-11,COP,4222.8
2026-02-11,BRL,5.5582
2026-02-12,COP,4228.47
2026-02-12,BRL,5.5577
2026-02-13,COP,4221.08
2026-02-13,BRL,5.5936
2026-02-16,COP,4216.53
2026-02-16,BRL,5.6146
2026-02-17,COP,4214.46
2026-02-17,BRL,5.6192
2026-02-18,COP,4209.84
2026-02-18,BRL,5.6415
2026-02-19,COP,4205.88
2026-02-19,BRL,5.6876
2026-02-20,COP,4209.07
2026-02-20,BRL,5.7082
2026-02-23,COP,4238.14
2026-02-23,BRL,5.7719
2026-02-24,COP,4269.95
2026-02-24,BRL,5.7285
2026-02-25,COP,4314.7
2026-02-25,BRL,5.7351
2026-02-26,COP,4284.49
2026-02-26,BRL,5.7022
2026-02-27,COP,4303.58
2026-02-27,BRL,5.6615
2026-03-02,COP,4303.93
2026-03-02,BRL,5.6157
2026-03-03,COP,4301.32
2026-03-03,BRL,5.6153
2026-03-04,COP,4267.66
2026-03-04,BRL,5.6064
2026-03-05,COP,4277.7
2026-03-05,BRL,5.6237
2026-03-06,COP,4283.66
2026-03-06,BRL,5.6473
2026-03-09,COP,4291.1
2026-03-09,BRL,5.6344
2026-03-10,COP,4273.94
2026-03-10,BRL,5.6349
2026-03-11,COP,4277.19
2026-03-11,BRL,5.6417
2026-03-12,COP,4313.95
2026-03-12,BRL,5.635
2026-03-13,COP,4306.95
2026-03-13,BRL,5.598
2026-03-16,COP,4279.96
2026-03-16,BRL,5.5876
2026-03-17,COP,4304.35
2026-03-17,BRL,5.6097
2026-03-18,COP,4286.88
2026-03-18,BRL,5.6094
2026-03-19,COP,4271.49
2026-03-19,BRL,5.6051
2026-03-20,COP,4273.5
2026-03-20,BRL,5.5812
2026-03-23,COP,4279.91
2026-03-23,BRL,5.514
2026-03-24,COP,4265.14
2026-03-24,BRL,5.4972
2026-03-25,COP,4269.65
2026-03-25,BRL,5.5283
2026-03-26,COP,4262.84
2026-03-26,BRL,5.5811
2026-03-27,COP,4308.77
2026-03-27,BRL,5.6207
2026-03-30,COP,4356.09
2026-03-30,BRL,5.583
2026-03-31,COP,4369.65
2026-03-31,BRL,5.6031
2026-04-01,COP,4365.37
2026-04-01,BRL,5.6328
2026-04-02,COP,4366.31
2026-04-02,BRL,5.5629
2026-04-06,COP,4398.02
2026-04-06,BRL,5.5887
2026-04-07,COP,4387.76
2026-04-07,BRL,5.606
2026-04-08,COP,4413.16
2026-04-08,BRL,5.5564
2026-04-09,COP,4405.01
2026-04-09,BRL,5.5771
2026-04-10,COP,4386.1
2026-04-10,BRL,5.5617
2026-04-13,COP,4379.7
2026-04-13,BRL,5.6164
2026-04-14,COP,4372.0
2026-04-14,BRL,5.5713
2026-04-15,COP,4377.62
2026-04-15,BRL,5.6302
2026-04-16,COP,4347.88
2026-04-16,BRL,5.6636
2026-04-17,COP,4323.55
2026-04-17,BRL,5.6562
2026-04-20,COP,4298.28
2026-04-20,BRL,5.721
2026-04-21,COP,4304.63
2026-04-21,BRL,5.7034
2026-04-22,COP,4273.51
2026-04-22,BRL,5.6955
2026-04-23,COP,4289.03
2026-04-23,BRL,5.681
2026-04-24,COP,4250.05
2026-04-24,BRL,5.6697
2026-04-27,COP,4256.56
2026-04-27,BRL,5.6884
2026-04-28,COP,4295.64
2026-04-28,BRL,5.6677
2026-04-29,COP,4305.09
2026-04-29,BRL,5.6808
2026-04-30,COP,4302.62
2026-04-30,BRL,5.6537
2026-05-04,COP,4293.03
2026-05-04,BRL,5.6596
2026-05-05,COP,4306.52
2026-05-05,BRL,5.6401
2026-05-06,COP,4305.45
2026-05-06,BRL,5.6446
2026-05-07,COP,4281.13
2026-05-07,BRL,5.6399
2026-05-08,COP,4246.16
2026-05-08,BRL,5.6283
2026-05-11,COP,4206.02
2026-05-11,BRL,5.5991
2026-05-12,COP,4168.33
2026-05-12,BRL,5.562
2026-05-13,COP,4153.29
2026-05-13,BRL,5.5321
2026-05-14,COP,4157.95
2026-05-14,BRL,5.5024
2026-05-15,COP,4133.98
2026-05-15,BRL,5.4992
2026-05-18,COP,4109.75
2026-05-18,BRL,5.5576
2026-05-19,COP,4107.43
2026-05-19,BRL,5.5374
2026-05-20,COP,4117.69
2026-05-20,BRL,5.4953
2026-05-21,COP,4147.22
2026-05-21,BRL,5.4876
2026-05-22,COP,4166.92
2026-05-22,BRL,5.5574
2026-05-25,COP,4146.89
2026-05-25,BRL,5.6479
2026-05-26,COP,4135.36
2026-05-26,BRL,5.6564
2026-05-27,COP,4127.19
2026-05-27,BRL,5.681
2026-05-28,COP,4114.6
2026-05-28,BRL,5.6897
2026-05-29,COP,4136.49
2026-05-29,BRL,5.7073
2026-06-01,COP,4154.25
2026-06-01,BRL,5.7019
2026-06-02,COP,4141.67
2026-06-02,BRL,5.6782
2026-06-03,COP,4142.9
2026-06-03,BRL,5.6497
2026-06-04,COP,4144.23
2026-06-04,BRL,5.6577
2026-06-05,COP,4149.3
2026-06-05,BRL,5.6547
2026-06-08,COP,4192.73
2026-06-08,BRL,5.5542
2026-06-09,COP,4178.65
2026-06-09,BRL,5.5135
2026-06-10,COP,4199.83
2026-06-10,BRL,5.4789
2026-06-11,COP,4227.13
2026-06-11,BRL,5.476
2026-06-12,COP,4203.15
2026-06-12,BRL,5.4503
2026-06-15,COP,4185.55
2026-06-15,BRL,5.5224
2026-06-16,COP,4189.48
2026-06-16,BRL,5.5257
2026-06-17,COP,4176.09
2026-06-17,BRL,5.5947
2026-06-18,COP,4200.09
2026-06-18,BRL,5.5753
2026-06-19,COP,4244.99
2026-06-19,BRL,5.5772
2026-06-22,COP,4229.13
2026-06-22,BRL,5.5545
2026-06-23,COP,4207.38
2026-06-23,BRL,5.5863
2026-06-24,COP,4204.31
2026-06-24,BRL,5.5863
2026-06-25,COP,4213.74
2026-06-25,BRL,5.5784
2026-06-26,COP,4191.99
2026-06-26,BRL,5.5526
2026-06-29,COP,4157.5
2026-06-29,BRL,5.6335
2026-06-30,COP,4141.0
2026-06-30,BRL,5.6113
2026-07-01,COP,4114.89
2026-07-01,BRL,5.6003
2026-07-02,COP,4080.92
2026-07-02,BRL,5.5698
2026-07-03,COP,4079.71
2026-07-03,BRL,5.5658
2026-07-06,COP,4114.07
2026-07-06,BRL,5.5604
2026-07-07,COP,4118.59
2026-07-07,BRL,5.5326
2026-07-08,COP,4099.06
2026-07-08,BRL,5.4996
2026-07-09,COP,4082.21
2026-07-09,BRL,5.489
2026-07-10,COP,4087.64
2026-07-10,BRL,5.5078
2026-07-13,COP,4098.37
2026-07-13,BRL,5.5028
2026-07-14,COP,4111.86
2026-07-14,BRL,5.5468
2026-07-15,COP,4106.66
2026-07-15,BRL,5.5089
2026-07-16,COP,4100.35
2026-07-16,BRL,5.519
2026-07-17,COP,4115.62
2026-07-17,BRL,5.538
2026-07-20,COP,4107.43
2026-07-20,BRL,5.5683
2026-07-21,COP,4081.25
2026-07-21,BRL,5.5691
2026-07-22,COP,4079.84
2026-07-22,BRL,5.5256
2026-07-23,COP,4078.09
2026-07-23,BRL,5.5435
2026-07-24,COP,4058.77
2026-07-24,BRL,5.5695
2026-07-27,COP,4064.55
2026-07-27,BRL,5.558
2026-07-28,COP,4073.24
2026-07-28,BRL,5.532
2026-07-29,COP,4065.38
2026-07-29,BRL,5.5193
2026-07-30,COP,4051.12
2026-07-30,BRL,5.5253
2026-07-31,COP,4054.05
2026-07-31,BRL,5.5323
2026-08-03,COP,4113.57
2026-08-03,BRL,5.5739
2026-08-04,COP,4087.15
2026-08-04,BRL,5.6034
2026-08-05,COP,4088.73
2026-08-05,BRL,5.5878
2026-08-06,COP,4085.44
2026-08-06,BRL,5.5677
2026-08-07,COP,4076.51
2026-08-07,BRL,5.5456
2026-08-10,COP,4043.74
2026-08-10,BRL,5.5385
2026-08-11,COP,4056.84
2026-08-11,BRL,5.509
2026-08-12,COP,4073.62
2026-08-12,BRL,5.5163
2026-08-13,COP,4059.01
2026-08-13,BRL,5.5162
2026-08-14,COP,4046.97
2026-08-14,BRL,5.4853
